"0",""
"0",""
"0","df1=filter(clean_df,clean_df$district==""Villeurbanne"")"
"0","tdf1=aggregate(df1[,9],list(substr(as.character(df1$date_transaction),1,4)),mean)"
"0",""
"0",""
"0",""
"0","df2=filter(clean_df,clean_df$district==""Lyon 1er Arrondissement"")"
"0","df3=filter(clean_df,clean_df$district==""Lyon 2e Arrondissement"")"
"0","df4=filter(clean_df,clean_df$district==""Lyon 3e Arrondissement"")"
"0","df5=filter(clean_df,clean_df$district==""Lyon 4e Arrondissement"")"
"0","df6=filter(clean_df,clean_df$district==""Lyon 5e Arrondissement"")"
"0","df7=filter(clean_df,clean_df$district==""Lyon 6e Arrondissement"")"
"0","df8=filter(clean_df,clean_df$district==""Lyon 7e Arrondissement"")"
"0","df9=filter(clean_df,clean_df$district==""Lyon 8e Arrondissement"")"
"0","df10=filter(clean_df,clean_df$district==""Lyon 9e Arrondissement"")"
"0",""
"0",""
"0","tdf2=aggregate(df2[,9],list(substr(as.character(df2$date_transaction),1,4)),mean)"
"0","tdf3=aggregate(df3[,9],list(substr(as.character(df3$date_transaction),1,4)),mean)"
"0","tdf4=aggregate(df4[,9],list(substr(as.character(df4$date_transaction),1,4)),mean)"
"0","tdf5=aggregate(df5[,9],list(substr(as.character(df5$date_transaction),1,4)),mean)"
"0","tdf6=aggregate(df6[,9],list(substr(as.character(df6$date_transaction),1,4)),mean)"
"0","tdf7=aggregate(df7[,9],list(substr(as.character(df7$date_transaction),1,4)),mean)"
"0","tdf8=aggregate(df8[,9],list(substr(as.character(df8$date_transaction),1,4)),mean)"
"0","tdf9=aggregate(df9[,9],list(substr(as.character(df9$date_transaction),1,4)),mean)"
"0","tdf10=aggregate(df10[,9],list(substr(as.character(df10$date_transaction),1,4)),mean)"
"0",""
"0",""
"0",""
"0",""
"0",""
