{
    "A": {
        "stations": [
            "Ampère - Victor Hugo",
            "Cordeliers",
            "Cusset",
            "Flachet - Alain Gilles",
            "Foch",
            "Gratte-Ciel",
            "Laurent Bonnevay - Astroballe",
            "Masséna",
            "Perrache",
            "République - Villeurbanne",
            "Vaulx-en-Velin - La Soie",
            "Charpennes - Charles Hernu",
            "République - Villeurbanne",
            "Gratte-Ciel",
            "Flachet - Alain Gilles",
            "Cusset",
            "Laurent Bonnevay - Astroballe",
            "Vaulx-en-Velin - La Soie"
        ],
        "latitudes": [
            45.7530516,
            45.7633942,
            45.7656434,
            45.7677765,
            45.7687864,
            45.7690539,
            45.7641338,
            45.769619,
            45.7495418,
            45.770587,
            45.7612489,
            45.7706204,
            45.770587,
            45.7690539,
            45.7677765,
            45.7656434,
            45.7641338,
            45.7612489
        ],
        "longitudes": [
            4.8291603,
            4.8358228,
            4.9008478,
            4.8893766,
            4.8443036,
            4.8823107,
            4.908827,
            4.8533062,
            4.8269988,
            4.8739945,
            4.9219433,
            4.8645897,
            4.8739945,
            4.8823107,
            4.8893766,
            4.9008478,
            4.908827,
            4.9219433
        ]
    },
    "B": {
        "stations": [
            "Charpennes - Charles Hernu",
            "Brotteaux",
            "Gare Part-Dieu - Vivier Merle",
            "Place Guichard - Bourse du Travail",
            "Saxe - Gambetta",
            "Jean Macé",
            "Place Jean Jaurès",
            "Debourg",
            "Stade de Gerland",
            "Gare d'Oullins"
        ],
        "latitudes": [
            45.7706204,
            45.767117,
            45.761645,
            45.7591873,
            45.7532993,
            45.7459301,
            45.73754405,
            45.7310686,
            45.723776150000006,
            45.7166889
        ],
        "longitudes": [
            4.8645897,
            4.8593396,
            4.8574339,
            4.8473882,
            4.8466125,
            4.8423494,
            4.837312576931533,
            4.8334989,
            4.832254170853934,
            4.814489
        ]
    },
    "C": {
        "stations": [
            "Hôtel de Ville - Louis Pradel",
            "Croix-Paquet",
            "Croix-Rousse",
            "Hénon",
            "Cuire"
        ],
        "latitudes": [
            45.7678584,
            45.7710241,
            45.7745422,
            45.779507,
            45.7853201
        ],
        "longitudes": [
            4.8360239,
            4.8361838,
            4.8319927,
            4.8275512,
            4.8326307
        ]
    },
    "D": {
        "stations": [
            "Gare de Vaise",
            "Valmy",
            "Gorge de Loup",
            "Vieux Lyon - Cathédrale Saint-Jean",
            "Bellecour",
            "Guillotière - Gabriel Péri",
            "Saxe - Gambetta",
            "Garibaldi",
            "Sans Souci",
            "Monplaisir - Lumière",
            "Grange Blanche",
            "Laënnec",
            "Mermoz - Pinel",
            "Parilly",
            "Gare de Vénissieux"
        ],
        "latitudes": [
            45.7806026,
            45.7746618,
            45.7664422,
            45.760038,
            45.7573623,
            45.7553232,
            45.7532993,
            45.7517214,
            45.7475565,
            45.745537,
            45.7429728,
            45.7384327,
            45.7305707,
            45.7195177,
            45.7054642
        ],
        "longitudes": [
            4.8045487,
            4.8054273,
            4.8055028,
            4.8259866,
            4.8330089,
            4.842822,
            4.8466125,
            4.8534494,
            4.8650992,
            4.8714378,
            4.8787162,
            4.8865961,
            4.8872668,
            4.8875525,
            4.8879809
        ]
    },
    "T1": {
        "stations": [
            "Debourg",
            "ENS Lyon",
            "Halle Tony-Garnier",
            "Musée des Confluences",
            "Hôtel de région - Montrochet",
            "Sainte-Blandine",
            "Place des Archives",
            "Perrache",
            "Quai Claude-Bernard",
            "Rue de l'Université",
            "Saint-André",
            "Guillotière - Gabriel Péri",
            "Liberté",
            "Saxe - Préfecture",
            "Palais de Justice - Mairie du 3e",
            "Part-Dieu - Auditorium",
            "Gare Part-Dieu - Vivier Merle",
            "Thiers - Lafayette",
            "Collège Bellecombe",
            "Charpennes - Charles Hernu",
            "Le Tonkin",
            "Condorcet",
            "Université Lyon 1",
            "La Doua - Gaston Berger",
            "INSA - Einstein",
            "Croix-Luizet",
            "IUT - Feyssine"
        ],
        "latitudes": [
            45.7310686,
            45.7313929,
            45.729885,
            45.732677800000005,
            45.7405804,
            45.7447211,
            45.747324500000005,
            45.7495418,
            45.7511746,
            45.7487134,
            45.820082,
            45.7553232,
            45.759041,
            45.7595648,
            45.7603032,
            45.76070265,
            45.761645,
            45.7643245,
            45.7650003,
            45.7706204,
            45.7741039,
            45.7790353,
            45.7808956,
            45.7814432,
            45.7824537,
            45.7809026,
            45.7867317
        ],
        "longitudes": [
            4.8334989,
            4.828837,
            4.8250127848746684,
            4.818160692638674,
            4.8190096,
            4.8230658,
            4.825717583502437,
            4.8269988,
            4.8363744,
            4.8428234,
            4.7828676,
            4.842822,
            4.8423663,
            4.8458762,
            4.8482982,
            4.853808690707826,
            4.8574339,
            4.8620149,
            4.86359,
            4.8645897,
            4.8642501,
            4.8664505,
            4.8663364,
            4.8722854,
            4.8775121,
            4.879922,
            4.8819542
        ]
    },
    "T2": {
        "stations": [
            "Hôtel de région - Montrochet",
            "Sainte-Blandine",
            "Place des Archives",
            "Perrache",
            "Centre Berthelot - Sciences Po Lyon",
            "Jean Macé",
            "Garibaldi - Berthelot",
            "Route de Vienne",
            "Jet d'Eau - Mendès France",
            "Villon",
            "Bachut - Mairie du 8e",
            "Jean XXIII - Maryse Bastié",
            "Grange Blanche",
            "Ambroise Paré",
            "Desgenettes",
            "Essarts - Iris",
            "Boutasse - Camille Rousset",
            "Hôtel de Ville - Bron",
            "Les Alizés",
            "Rebufer",
            "Parilly - Université — Hippodrome",
            "Europe - Université",
            "Porte des Alpes",
            "Parc Technologique",
            "Hauts de Feuilly",
            "Salvador Allende",
            "Alfred de Vigny",
            "Saint-Priest - Hôtel de Ville",
            "Esplanade des Arts",
            "Jules Ferry",
            "Cordière",
            "Saint-Priest - Bel Air"
        ],
        "latitudes": [
            45.7405804,
            45.7447211,
            45.747324500000005,
            45.7495418,
            45.7470571,
            45.7459301,
            45.7430754,
            45.7441976,
            45.7402182,
            45.7383599,
            45.7368846,
            45.7402261,
            45.7429728,
            45.7416751,
            45.7396969,
            45.73717,
            45.7345713,
            45.7334086,
            45.7315882,
            45.727575,
            45.7222664,
            45.7195834,
            45.72165915,
            45.7140097,
            45.7081329,
            45.7034418,
            45.6996487,
            45.6948436,
            45.6939771,
            45.715329100000005,
            45.6936007,
            45.6926654
        ],
        "longitudes": [
            4.8190096,
            4.8230658,
            4.825717583502437,
            4.8269988,
            4.8363525,
            4.8423494,
            4.8471099,
            4.8500494,
            4.8590098,
            4.8633402,
            4.8681475,
            4.8744493,
            4.8787162,
            4.8852811,
            4.8925433,
            4.8981707,
            4.9041663,
            4.9091102,
            4.9147173,
            4.9158307,
            4.9143582,
            4.9181867,
            4.926681016338672,
            4.932619517107692,
            4.9375213,
            4.9349601,
            4.9360906,
            4.9349837,
            4.941008,
            5.128137880285715,
            4.9497231,
            4.9558382
        ]
    },
    "T3": {
        "stations": [
            "Gare Part-Dieu - Villette",
            "Dauphiné - Lacassagne",
            "Reconnaissance - Balzac",
            "Gare de Villeurbanne",
            "Bel Air - Les Brosses",
            "Vaulx-en-Velin - La Soie",
            "Décines - Centre",
            "Décines - Grand Large",
            "Meyzieu Gare",
            "Meyzieu Z.I.",
            "Meyzieu - Les Panettes"
        ],
        "latitudes": [
            45.7602839,
            45.7525954,
            45.7542979,
            45.75596705,
            45.7581838,
            45.7612489,
            45.7718275,
            45.7747013,
            45.7715807,
            45.7643593,
            45.7660869
        ],
        "longitudes": [
            4.8620314,
            4.8689307,
            4.8850849,
            4.891747404787234,
            4.9099287,
            4.9219433,
            4.9559221,
            4.9759836,
            4.9990146,
            5.0184444,
            5.0352399
        ]
    },
    "T4": {
        "stations": [
            "La Doua - Gaston Berger",
            "Université Lyon 1",
            "Condorcet",
            "Le Tonkin",
            "Charpennes - Charles Hernu",
            "Collège Bellecombe",
            "Thiers - Lafayette",
            "Gare Part-Dieu - Villette",
            "Archives Départementales",
            "Manufacture - Montluc",
            "Lycée Colbert",
            "Jet d'Eau - Mendès France",
            "Lycée Lumière",
            "Beauvisage - CISL",
            "Joliot Curie - Marcel Sembat",
            "La Borelle",
            "Gare de Vénissieux",
            "Croizat - Paul Bert",
            "Marcel Houël - Hôtel de Ville",
            "Lycée Jacques Brel",
            "Herriot - Cagne",
            "Vénissy",
            "Division Leclerc",
            "Maurice Thorez",
            "Lénine - Corsière",
            "Darnaise",
            "Hôpital Feyzin Vénissieux"
        ],
        "latitudes": [
            45.7814432,
            45.7808956,
            45.7790353,
            45.7741039,
            45.7706204,
            45.7650003,
            45.7643245,
            45.7602839,
            45.7540938,
            45.749178,
            45.7456554,
            45.7402182,
            45.7351169,
            45.729260,
            45.7155233,
            45.7111249,
            45.7054642,
            45.6998891,
            45.6964885,
            45.6950131,
            45.6936987,
            45.6960212,
            45.6984421,
            45.6998659,
            45.6968212,
            45.6926515,
            45.6887567
        ],
        "longitudes": [
            4.8722854,
            4.8663364,
            4.8664505,
            4.8642501,
            4.8645897,
            4.86359,
            4.8620149,
            4.8620314,
            4.862525,
            4.8609946,
            4.859058,
            4.8590098,
            4.8637337,
            4.867119,
            4.8784129,
            4.8821463,
            4.8879809,
            4.8875968,
            4.8845462,
            4.8801766,
            4.8753815,
            4.871963,
            4.8681902,
            4.8633056,
            4.861729,
            4.8643379,
            4.8650261
        ]
    },
    "T5": {
        "stations": [
            "Grange Blanche",
            "Ambroise Paré",
            "Desgenettes",
            "Essarts - Iris",
            "Boutasse - Camille Rousset",
            "Hôtel de Ville - Bron",
            "Les Alizés",
            "De Tassigny - Curial",
            "Lycée Jean-Paul Sartre",
            "Parc du Chêne",
            "Eurexpo"
        ],
        "latitudes": [
            45.7429728,
            45.7416751,
            45.7396969,
            45.73717,
            45.7345713,
            45.7334086,
            45.7315882,
            45.7366851,
            45.7380869,
            45.735096,
            45.7318696
        ],
        "longitudes": [
            4.8787162,
            4.8852811,
            4.8925433,
            4.8981707,
            4.9041663,
            4.9091102,
            4.9147173,
            4.9160439,
            4.9220725,
            4.929833274089812,
            4.9480314
        ]
    },
    "T6": {
        "stations": [
            "Debourg",
            "Challemel-Lacour - Artillerie",
            "Moulin à Vent",
            "Petite Guille",
            "Beauvisage - Pressensé",
            "Beauvisage - CISL",
            "Grange Rouge - Santy",
            "Mermoz - Californie",
            "Mermoz - Moselle",
            "Mermoz-Pinel",
            "Essarts - Laënnec",
            "Desgenettes",
            "Vinatier",
            "Hôpitaux Est - Pinel"
        ],
        "latitudes": [
            45.7310686,
            45.7296191,
            45.724046,
            45.731075,
            45.7277252,
            45.729260,
            45.7313559,
            45.7330823,
            45.7322174,
            45.7305707,
            45.7356969,
            45.7396969,
            45.7427473,
            45.7476199
        ],
        "longitudes": [
            4.8334989,
            4.843861,
            4.8605648,
            4.8591176,
            4.8626869000000035,
            4.867119,
            4.8733012,
            4.8783915,
            4.882414,
            4.8872668,
            4.8900321,
            4.8925433,
            4.8941702,
            4.8967275
        ]
    },
    "T7": {
        "stations": [
            "Vaulx-en-Velin - La Soie",
            "Décines - Centre",
            "Décines - Grand Large",
            "Décines - OL Vallée"
        ],
        "latitudes": [
            45.7612489,
            45.7718275,
            45.7747013,
            45.7685263
        ],
        "longitudes": [
            4.9219433,
            4.9559221,
            4.9759836,
            4.9814241
        ]
    }
}