{"chunk_definitions":[{"row":9,"row_count":1,"visible":true,"expansion_state":0,"options":{"engine":"r","label":"setup","include":false},"document_id":"3F36457A","chunk_id":"csetup_chunk","chunk_label":"setup"},{"row":23,"row_count":1,"visible":true,"expansion_state":0,"options":{"engine":"r","echo":true,"label":"unnamed-chunk-156"},"document_id":"3F36457A","chunk_id":"cxa6xvxaauw7d","chunk_label":"unnamed-chunk-1"},{"row":56,"row_count":1,"visible":true,"expansion_state":0,"options":{"engine":"r","label":"unnamed-chunk-100"},"document_id":"3F36457A","chunk_id":"c4ryfhrno3gel","chunk_label":"unnamed-chunk-2"},{"row":92,"row_count":1,"visible":true,"expansion_state":0,"options":{"engine":"r","label":"unnamed-chunk-104"},"document_id":"3F36457A","chunk_id":"c4pgv4w6940bd","chunk_label":"unnamed-chunk-3"},{"row":112,"row_count":1,"visible":true,"expansion_state":0,"options":{"engine":"r","label":"unnamed-chunk-65"},"document_id":"3F36457A","chunk_id":"c1pgdsgmmx1am","chunk_label":"unnamed-chunk-4"},{"row":129,"row_count":1,"visible":true,"expansion_state":0,"options":{"engine":"r","label":"unnamed-chunk-68"},"document_id":"3F36457A","chunk_id":"czt87d80gbd39","chunk_label":"unnamed-chunk-5"},{"row":145,"row_count":1,"visible":true,"expansion_state":0,"options":{"engine":"r","label":"unnamed-chunk-77"},"document_id":"3F36457A","chunk_id":"c15vuzy1oskpn","chunk_label":"unnamed-chunk-6"},{"row":165,"row_count":1,"visible":true,"expansion_state":0,"options":{"engine":"r","label":"unnamed-chunk-81"},"document_id":"3F36457A","chunk_id":"ctgfo6542dhv3","chunk_label":"unnamed-chunk-7"},{"row":182,"row_count":1,"visible":true,"expansion_state":0,"options":{"engine":"r","label":"unnamed-chunk-82"},"document_id":"3F36457A","chunk_id":"cezk8thfpfk2x","chunk_label":"unnamed-chunk-8"},{"row":192,"row_count":1,"visible":true,"expansion_state":0,"options":{"engine":"r","label":"unnamed-chunk-115"},"document_id":"3F36457A","chunk_id":"c18vl7sepvppk","chunk_label":"unnamed-chunk-9"},{"row":211,"row_count":1,"visible":true,"expansion_state":0,"options":{"engine":"r","label":"unnamed-chunk-92"},"document_id":"3F36457A","chunk_id":"cs6ogmai4fdaq","chunk_label":"unnamed-chunk-10"},{"row":224,"row_count":1,"visible":true,"expansion_state":0,"options":{"engine":"r","label":"unnamed-chunk-122"},"document_id":"3F36457A","chunk_id":"cne8jso560kvt","chunk_label":"unnamed-chunk-11"},{"row":239,"row_count":1,"visible":true,"expansion_state":0,"options":{"engine":"r","label":"unnamed-chunk-117"},"document_id":"3F36457A","chunk_id":"cvkb3ferjtk6h","chunk_label":"unnamed-chunk-12"},{"row":286,"row_count":1,"visible":true,"expansion_state":0,"options":{"engine":"r","label":"unnamed-chunk-138"},"document_id":"3F36457A","chunk_id":"cwburm9ry3zef","chunk_label":"unnamed-chunk-13"},{"row":303,"row_count":1,"visible":true,"expansion_state":0,"options":{"engine":"r","label":"unnamed-chunk-150"},"document_id":"3F36457A","chunk_id":"cgsu1kgek4yo9","chunk_label":"unnamed-chunk-14"},{"row":353,"row_count":1,"visible":true,"expansion_state":0,"options":{"engine":"r","label":"unnamed-chunk-191"},"document_id":"3F36457A","chunk_id":"cfvd4d9vds38y","chunk_label":"unnamed-chunk-15"}],"doc_write_time":1645061191,"chunk_rendered_width":700}