"0","xx=45.780234113880425"
"0","yy=4.865561717882041"
"0","tmp =data.frame(clean_df)"
"0","dis_from_me = distm(c(yy, xx), cbind(tmp$longitude , tmp$latitude), fun = distHaversine)"
"0","tmp$ditance=as.vector(dis_from_me)"
"0","tmp=filter(tmp,tmp$price<100000)"
"0","tmp=filter(tmp,tmp$ditance<2000)"
"0","tmp=filter(tmp,tmp$parkings_count>0)"
"0","tmp=filter(tmp,tmp$surface_housing>30)"
"0","tmp=filter(tmp,tmp$dis_from_metro<300)"
"0",""
"0","a1=10"
"0","a2=1"
"0","a3=.1"
"0","a4=2"
"0","a5=5"
"0","tmp=mutate(tmp,point= (tmp$price/mean(tmp$price)*a1)+ (tmp$ditance/mean(tmp$ditance)*a2)+(tmp$parkings_count/mean(tmp$parkings_count)*a3)+(tmp$surface_housing/mean(tmp$surface_housing)*a4)+(tmp$dis_from_metro/mean(tmp$dis_from_metro)*a5) )"
"0",""
"0","print(tmp[tmp$point<=min(tmp$point),])"
