"0",""
"0","clean_df=df[!is.na(df$latitude),]"
"0","# View(clean_df)"
"0",""
"0",""
"0",""
"0",""
"0",""
"0","clean_df=mutate(clean_df,price_surface=clean_df$price/clean_df$surface_housing,price_room=clean_df$price/clean_df$rooms_count)"
"0",""
"0",""
"0","dis_f_metro=vector()"
"0","for (home in 1:length(clean_df$latitude)){"
"0","  lat1 = clean_df[home,12]"
"0","  lon1 = clean_df[home,13]"
"0","  dis_from_metro = distm(c(lon1, lat1), cbind(metro_df$lon, metro_df$lat), fun = distHaversine)"
"0","  min_dis_from_metro = min(dis_from_metro)"
"0","  dis_f_metro = c(dis_f_metro, min_dis_from_metro)"
"0","} "
"0","clean_df=mutate(clean_df,dis_from_metro=dis_f_metro)"
"0",""
"0",""
"0","# View(clean_df)"
"0",""
"0",""
