"0","df=read.csv(""lyon_housing.csv"")"
"0",""
"0","metro_df=fromJSON(file = ""data/station_coordinates.json"")"
"0","i=0"
"0","lat=vector()"
"0","lon=vector()"
"0","names=vector()"
"0","for (variable in metro_df) {"
"0","  for (v in variable) {"
"0","    for (x in v) {"
"0","         if (i%%3==0) {"
"0","            names=c(names,x)"
"0","         }"
"0","         if (i%%3==1) {"
"0","            lat=c(lat,x)"
"0","         }"
"0","         if (i%%3==2) {"
"0","            lon=c(lon,x)"
"0","         }"
"0","      "
"0","    }"
"0","      i=i+1"
"0","  }"
"0","}"
"0",""
"0","metro_df=data.frame(names,lat,lon)"
"0",""
"0",""
"0","# View(df)"
